"variable","correlation_with_target"
"target",1
"nox",0.726106218470473
"age",0.63010624884034
"rad",0.628104918805408
"tax",0.611113314858614
"indus",0.604850736249927
"lstat",0.469127015198214
"ptratio",0.250848917529503
"chas",0.0800418718031737
"rm",-0.152553344896326
"medv",-0.270550708927679
"zn",-0.431681757278317
"dis",-0.618673121688883
